Accuracy,Precision,Recall,F1-score
0.75,0.8181818181818182,0.9,0.8571428571428571
