boring,course,hate,interesting,learning,lecture,love,machine,useless
0.0,0.0,0.0,0.0,0.5264054336099155,0.0,0.6676785446095399,0.5264054336099155,0.0
0.0,0.0,0.0,0.6676785446095399,0.5264054336099155,0.0,0.0,0.5264054336099155,0.0
0.5773502691896257,0.0,0.5773502691896257,0.0,0.0,0.5773502691896257,0.0,0.0,0.0
0.0,0.7071067811865476,0.0,0.0,0.0,0.0,0.0,0.0,0.7071067811865476
